{
    "rmse": 0.04074326333469004,
    "mae": 0.029597175341018443,
    "r2": 0.9474070641770083
}