{
    "rmse": 0.041015787096771616,
    "mae": 0.029700708291990646,
    "r2": 0.9467011433306888
}