{
    "rmse": 0.6955182935275057,
    "mae": 0.548178000828761,
    "r2": 0.28886418047734574
}